31221,the
17420,of
11039,and
8884,in
8661,to
7107,a
3352,was
3229,it
3137,is
3048,by
2979,that
2653,as
2567,for
2557,with
2011,or
2006,be
1876,from
1761,which
1727,he
1713,on
1674,were
1555,i
1542,his
1342,not
1279,had
1263,at
1176,this
1110,their
1101,they
1098,are
1059,an
887,you
876,states
855,but
822,all
704,have
694,new
684,one
643,may
613,there
574,its
551,more
529,who
517,when
494,my
436,them
434,into
414,has
411,no
399,government
392,so
388,united
344,upon
344,should
327,been
325,we
322,me
321,such
310,state
303,american
301,what
298,other
292,holmes
284,out
280,said
274,then
272,some
268,up
261,shall
240,than
239,very
226,made
220,over
220,congress
209,her
207,if
206,your
203,these
198,great
195,skin
191,can
190,do
188,well
188,she
177,mr
177,before
174,war
159,tissue
157,those
154,under
154,little
149,any
147,only
145,america
137,two
135,infection
133,down
133,did
132,usually
130,time
126,could
123,being
119,law
116,first
116,against
114,am
107,came
106,tissues
104,about
103,men
102,come
101,many
100,part
97,north
90,where
88,years
87,might
87,how
86,british
85,president
80,power
79,old
79,here
78,think
78,every
77,place
76,face
75,make
74,also
73,national
72,met
70,nothing
70,cases
67,would
64,him
63,people
62,see
61,through
60,condition
58,public
58,even
57,door
55,right
53,our
53,large
53,constitution
52,system
52,after
51,becomes
48,general
47,set
47,parts
47,last
46,find
45,house
40,surface
37,year
37,must
34,especially
33,act
32,union
32,forms
31,kentucky
30,york
29,help
27,present
27,history
26,way
25,while
24,between
23,abscess
22,senate
22,perhaps
22,john
22,free
22,cold
22,called
20,person
20,most
19,operation
19,federal
17,wound
17,case
15,though
15,pus
15,passed
15,cavity
15,campaign
14,office
14,1
13,within
13,southern
13,royal
13,left
13,4
12,hand
12,2
11,still
11,governor
11,duties
9,purpose
9,planters
9,death
8,put
8,give
7,wall
5,slave
5,except
5,3
4,ballot
